item_name,description,discount_value,channel,validity_period,item_limit,type
Charmin Ula Soft Bath Yardistry 12' x 14 Gazebo,SunVilla Nichols 7-Piece Sling,$300,In-Warehouse + Online,3/29/25 - 4/6/25,,Hot Buy
Tissue. 2-Ply. 213 Sheets,20 ‘Aluminum Roof! Outdoor Dining Set,$99.09,In-Warehouse + Online,3/29/25 - 4/6/25,,Hot Buy
Dyson Cyclone V10 Animal + Wonderful Pistachios,Cordless Vacuum Cleaner Pepper Primavera Mistura,$100,In-Warehouse + Online,3/29/25 - 4/6/25,,Hot Buy
Emy Appees Kisiang Sgnative Gale scacrcombe,,,Warehouse-Only,,,Hot Buy
Sugar Bowl! Bakery Paliero Walton Sparking Waterfed But rgiral ANDSOR,,$1.70,Warehouse-Only,,,Hot Buy
"Mama Mancin's Jumbo Beet — Flexon 5/8"" x 100' Contractor",Aie's Organe Cinaamon Meatballs Grade Hose with Guard and Rolls,$2.50,Warehouse-Only,,,Hot Buy
Prego AK Hg HE,,$5 OFF,In-Warehouse + Online,,,Hot Buy
Liquid Dish Scap Seamtess Sports Bra with Stainless Steel Wand,"inch) - Apple M4 chip, $2.50 OFF",$2.50,Warehouse-Only In-Warehouse + Online,,,Hot Buy
NORWEGIAN.,aS - PARADISUS 74 - bm Seawe Se ee wa 5] a arin pt BA ch pe ceie ss Toe Ras,$Q500FF (While Supplies Last),Book with Costco,,,Travel Hot Buy
